{Case ID};QF0;QF1;QF1R;QF2;QF3;QF4;QF5A;QF5B;O_QF5B;QF5C;A;B;C;D;E;F;G;H;I;J;O_Q1_R1;O_Q1_R2;O_Q1_R3;O_Q1_R4;O_Q1_R5;O_Q1_R6;O_Q1_R7;O_Q1_R8;O_Q1_R9;O_Q1_R10;Q2_A1_R1;Q2_A1_R2;Q2_A1_R3;Q2_A1_R4;Q2_A1_R5;Q2_A1_R6;Q2_A1_R7;Q2_A1_R8;Q2_A1_R9;Q2_A1_R10;O_Q1B_R1;O_Q1B_R2;O_Q1B_R3;O_Q1B_R4;O_Q1B_R5;O_Q1B_R6;O_Q1B_R7;O_Q1B_R8;O_Q1B_R9;O_Q1B_R10;Q2B_A1_R1;Q2B_A1_R2;Q2B_A1_R3;Q2B_A1_R4;Q2B_A1_R5;Q2B_A1_R6;Q2B_A1_R7;Q2B_A1_R8;Q2B_A1_R9;Q2B_A1_R10;O_Q1C_R1;O_Q1C_R2;O_Q1C_R3;O_Q1C_R4;O_Q1C_R5;O_Q1C_R6;O_Q1C_R7;O_Q1C_R8;O_Q1C_R9;O_Q1C_R10;Q2C_A1_R1;Q2C_A1_R2;Q2C_A1_R3;Q2C_A1_R4;Q2C_A1_R5;Q2C_A1_R6;Q2C_A1_R7;Q2C_A1_R8;Q2C_A1_R9;Q2C_A1_R10
19;1;64;4;1;1;;1;9;Volvo;2;1;1;2;2;2;1;2;2;1;3;Pas assez epais;Assez bien;Pas assez epais;Il est bien;;;;;;;2;4;2;5;;;;;;;Bonne trame;Bien epais;Classe mais un peux tropsallissant;Bon assez epais;Bon mais tropleger;;;;;;5;6;6;6;5;;;;;;Tres classe;;;;;;;;;;9;;;;;;;;;
20;1;51;3;1;1;;1;9;Mitsubishi ;1;2;1;2;1;1;3;1;2;2;3;Sensation de peau morte;Me semble proche de la feutrine;Je n'aime pas la sensation de velours;Chien trop mou et spongieux;;;;;;;3;2;3;1;;;;;;;Bien pour la sensation cuir mais un peu trop dur;Pal mal mais un peu sec au toucher;Assez doux mais sensation moins agréable de peau ;Assez confortable mais un peu trop sec;;;;;;;6;7;6;7;;;;;;;Bonne sensation tactile et rigidité bien agreable;Assez moelleux mais sensation un peu plastique;;;;;;;;;10;9;;;;;;;;
21;2;20;1;1;1;;2;7;;2;2;3;1;2;3;2;1;1;1;2;Impresson de Bas de gamme;Bizarre au touché ;Texture grasse;   ;;;;;;;3;4;4;5;;;;;;;Tissus fin et petites mailles;S'abime avec les frottements;Plus brillant que le tissu A;Cuir qualitatif ;;;;;;;7;6;6;8;;;;;;;Epaisseur du tissu et touché ;Aspect velour : esthétique et qualitatif ;;;;;;;;;9;10;;;;;;;;
23;2;32;2;1;1;;2;3;;1;2;2;1;1;3;3;2;3;1;3;Il est trop fin;Il est trop poilu;Il est pas assez raffiné ;;;;;;;;5;3;4;;;;;;;;Il est pas assez sophistiqué ;Il est un peu trop grossier;Il est trop mou;;;;;;;;6;6;6;;;;;;;;Il est vraiment agréable au toucher;Il est simple et vraiment bien fini ;Il est vraiment agréable  et moderne ;Assez classe;;;;;;;10;10;10;9;;;;;;
26;2;64;4;1;1;;2;9;opel;1;2;1;1;1;3;3;1;2;1;3;pas assez souple;pas assez douillet;tissh qui gratte;reche;tissu reche;;;;;;5;5;5;5;5;;;;;;je sais pas;doux au toucher;;;;;;;;;6;7;;;;;;;;;doux melleux confortable;doux;doux moelleux confortable;;;;;;;;9;8;10;;;;;;;
27;2;22;1;1;1;;2;7;;3;2;1;2;1;1;2;1;2;1;3;je n'aime pas ce produit car il est epais;Je n'aime pas ce produit car il est trop semblable a de la moquette;je n'aime pas ce produit car je ne visualise pas ce genre de matiere dans une voiture, meme si agreable au touché;trop grossier;je n'aime pas ce produit car pas confortable;;;;;;3;2;3;1;1;;;;;;"""J'aime un peu"" ce produit car reste discret sans etre trop desagrzable au toucher";"""j'aime un peu"" ce produit car convenablement epais";"""Jaime un peu"" ce produit car reste doux et agreable aux toucher, sans être trop épais";"""J'aime un peu"" ce produit car il est lisse ";;;;;;;5;5;6;5;;;;;;;"Reste lisse et assez ""Chic"" ";;;;;;;;;;7;;;;;;;;;
28;2;22;1;1;2;1;;;;;1;1;2;1;3;2;1;2;1;3;pas assez epais;pas assez qualitatif;trop de fibres;trop mou;trop industriel;;;;;;4;3;3;4;3;;;;;;pas assez doux;juste bien tissé;juste bien lisse;;;;;;;;6;7;7;;;;;;;;juste bien agreable au toucher;juste bien qualitatif;;;;;;;;;9;9;;;;;;;;
29;1;53;3;1;1;;2;4;;1;2;1;1;1;3;2;1;1;1;2;je n'aimpe pas son design simple et quelconque. le tissu est bizarre au touché.;design moche;on dirait de la feutrine et je crains que cela s'abime trop vite.;je n'aime pas du tout la matiere;tissu rigide;on dirait de l'elastique et n'aime pas au touch?;;;;;2;1;2;1;1;2;;;;;simple au touch? et design correct;sympa au touché et design du tissu simple.;ressemble plus a du cuire meme si cela n'en est pas. doux et agreable au touché;;;;;;;;6;6;7;;;;;;;;super doux au touché. j'aime ce type de tissu qui donne l'impression d'etre brillant quand on passe le doigt dessus. ;;;;;;;;;;9;;;;;;;;;
30;2;46;3;1;1;;2;9;Nissan;1;1;2;2;1;2;2;1;2;3;3;Trop fin;Trop ramasse poussiere;Trop synthetique viscose;;;;;;;;3;3;4;;;;;;;;Juste bien epais;Doux au toucher;Tres doux au toucher;Un peu fin;Trop de plissure marques;;;;;;5;5;6;5;5;;;;;;Raffine;Imitation cuir elegant;;;;;;;;;6;8;;;;;;;;
31;2;37;2;1;1;;2;6;;1;1;2;1;1;3;2;3;2;2;3;Rêche;Un peu trop fin;Doit vite s'abimer et pelucher;;;;;;;;2;3;1;;;;;;;;Plutôt epais mais un peu dur ;Assez doux mais fin;Matiere interressante mais un effet collant;Assez épais et doit bien tenir dans le temps;;;;;;;4;4;4;6;;;;;;;Très doux assez épais ;Bien moelleux a voir dans le temps si cela tient ou si affaissement;Effet cuir a voirsur les changement de temperature en fonction des saison;;;;;;;;9;10;8;;;;;;;
32;1;60;3;1;1;;2;9;Nissan ;2;1;2;2;1;2;2;1;1;1;2;Au toucher pas agreable;Pas agreable et ...;Mousse peut s ecraser facilement;Dur ne glisse pas;Agreable mais glisse;;;;;;2;3;2;2;7;;;;;;Plus epaisagreable au toucher;Agreable;Style canape;Glisse et n aime pas l aspect;N aime pas l aspect;;;;;;7;7;7;5;5;;;;;;;;;;;;;;;;;;;;;;;;;
33;1;38;2;1;1;;2;3;;2;2;1;1;1;1;1;1;1;3;3;Mistake;Trop reche;Desagreable;Desagreable;Deseagreable;Maux tete;Vertige;;;;1;3;0;0;0;0;0;;;;Sportwear;;;;;;;;;;6;;;;;;;;;;Sportwear;Lisse;;;;;;;;;5;6;;;;;;;;
34;2;51;3;1;1;;2;3;;2;2;3;2;2;3;2;1;1;1;2;Trop mou;Trop collant;Trop synthétique;;;;;;;;3;0;3;;;;;;;;Trame juste bien structurée;Trame juste bien équilibrée et douce;Tissus juste bien doux;Tissus juste bien tramé et fin;Tissus juste bien enduit;;;;;;6;6;5;6;6;;;;;;Vraiment agréable au toucher;Tissus vraiment doux;;;;;;;;;8;8;;;;;;;;
35;2;21;1;1;1;;2;7;;2;2;1;3;1;1;2;3;3;2;3;Je n'aime pas ce produit car il est un peu trop épais. ;Je n'aime pas ce produit car pour moi il va attraper trop de poussiere;Je n'aime pas ce produit car je le trouve trop doux pour un habitacle de voiture ;;;;;;;;6;4;5;;;;;;;;J'aime un peu ce tissu bien qu'il soit un peu trop fin;J'aime un peu ce tissu car il est juste bien au niveau du tissage;J'aime un peu ce tissu car il est juste au niveau de l'epaisseur et j'aime bien son tissage;;;;;;;;6;7;8;;;;;;;;J'aime beaucoup car il est vraiment agreable au toucher avec son aspect un peu feutré;J'aime beaucoup ce produit car il est vraiment moelleux;J'aime beaucoup ce produit car il a un aspect un peu cuir;J'aime beaucoup ce produit car il est vraiment éleguant;;;;;;;9;9;9;10;;;;;;
36;2;36;2;1;1;;2;9;Opel;1;3;2;3;1;1;2;1;3;1;1;Feutré pour ameublement trop elaboré;Tissu velours pour habillement trop classe;Tissu trop mousse pour isolation;J aime peu fibre pour textiles;Je n aime pas tissu simili cuire, desagreable au touché;;;;;;2;3;1;3;1;;;;;;Tissu un peu dense mais peut convenir;Juste bien dans la trame et l epaisseur;;;;;;;;;4;6;;;;;;;;;Juste bien au touché, trame assez dicrete et adaptee;Tres agreable, j aime beaucoup la trame diagonale;J aime beaucoup la matiere;;;;;;;;7;7;8;;;;;;;
37;1;31;2;1;1;;2;6;;1;1;1;2;3;3;2;3;1;1;2;Pas assez doux;Trop reche;Ca accroche;Ca accroche;;;;;;;4;2;3;3;;;;;;;Agreable;Agreable;Un peu raide;;;;;;;;6;7;5;;;;;;;;Bon toucher doux;Resistant et doux;Agreable au toucher doux resistant;;;;;;;;9;8;10;;;;;;;
38;2;26;1;1;1;;2;4;;2;3;1;2;1;3;3;1;1;3;2;Pas assez;Elle est trop amere;Pas assez;Pas assez;;;;;;;6;6;4;5;;;;;;;Il manque de praticipe;Il est juste bien menthole;;;;;;;;;8;7;;;;;;;;;J'aime beaucoup parce que il est efficace;Il est bien;Il est vrailent bient;Il est bien;;;;;;;10;8;10;9;;;;;;
39;1;56;3;1;1;;2;3;;1;2;1;2;1;1;3;1;2;1;3;Pas assez;Pas assez joli;Juste bien;Pas assez ;Pas assez;;;;;;0;0;5;1;1;;;;;;Tissus relativement lisse;J'aime un peu bien qu'il semble un peu pelucheux;J'aime un peu car il semble redistant;;;;;;;;6;5;4;;;;;;;;Le tissus semble de bonne qualitè ;Le tissus semble resustant et probablement peu salissant;;;;;;;;;8;10;;;;;;;;
40;1;54;3;1;1;;2;6;;1;2;1;2;2;3;2;3;1;2;3;Je naime pas tros lisse;Pas assez ;;;;;;;;;1;1;;;;;;;;;Juste bien;Tres dou;Tres jolie;Tres nul;Pas confortable;;;;;;2;3;4;4;3;;;;;;Juste bien;Juste bien;Juste bien;;;;;;;;9;10;10;;;;;;;
41;2;42;2;1;1;;2;4;;2;2;1;3;1;2;2;1;2;2;3;Trop epais rugueux et va accrocher toutes les saletes;Idem trop depossibilites d'accrocher toutes les saletes;Toucher desagreable, impression de bas de gamme;;;;;;;;1;0;0;;;;;;;;Toucher agreable mais coronneux donc difficile a entretenir avec trois enfants;Toucher qgreqble, sensation chaleureuse, mais probableme t fragile ?;Doux, tissage serre il semble solide et confirtable;Doux agreqble tissage serre semble facile d'entretien;Agreable au toucher entretien wemble facile mais pas tres joli;;;;;;3;5;6;6;5;;;;;;Agreable chalereux joli et semble resistant.;Il fait rever et donne l'impression d'etre dans une voiture de luxe.. un peu de reve ....;;;;;;;;;7;9;;;;;;;;
42;2;48;3;1;1;;2;2;;1;2;1;2;2;1;2;1;2;1;3;Trop raide;Terne;Pas facile  au toucher;Pas beau à voir;;;;;;;3;4;3;2;;;;;;;Doux au toucher;Eclat;Jolie texture;Doux au toucher;Facile au toucher;;;;;;6;7;7;6;6;;;;;;Joli le motif coté cuir;;;;;;;;;;9;;;;;;;;;
43;2;35;2;1;1;;1;6;;2;1;1;2;1;3;2;1;2;1;3;Trop rrugueux;Pas assez lisse;Trop attrape poussier;Pas assez rigide;Pas assez lisse;;;;;;2;2;2;2;2;;;;;;Pas assez epais ;Pas assez doux;Trop collant ;;;;;;;;4;5;4;;;;;;;;Juste bien au toucher;Juste bien en confort;;;;;;;;;8;9;;;;;;;;
44;2;46;3;1;1;;2;6;;2;3;2;3;1;3;2;3;1;2;1;Le tissus fait peluche;Il est sec ;Trop lisse fait faux cuir ca colle sur la peau ;;;;;;;;5;6;4;;;;;;;;Plutot confortable mais trop stries pas agreable au contacr de la paeu;Pas assez doux;Trop de sties dans le tissus;;;;;;;;5;5;5;;;;;;;;Fait naturel comme un melange de coton ;Agreable au contact de la peau plutot confort;Doux aspet velours;Doux molletonné confortable;;;;;;;6;7;7;8;;;;;;
45;1;58;3;1;1;;2;6;;1;2;2;2;2;3;2;1;3;3;3;Trop acrylique Pas agreable au toucher;;;;;;;;;;0;;;;;;;;;;Doux au toucher;Confortable  ;Touchet agreable;Doit etre agreable en hiver .. Moins en ete;Confortable mais un peu reche au  toucher ;;;;;;4;5;3;3;3;;;;;;Tres ageable sensation au toucher;Ce tissu a une trame serree et dout etre solide a l'usure;Idem que pour le tissu h avec un toucher plus doux;Le confort d'un tissu solide avec un toucher cuir agreable .. Le seul point qui pourrait etre negatif serait la solidite aus griffures ou autres....;;;;;;;6;7;8;8;;;;;;
46;2;41;2;1;1;;2;4;;1;2;1;2;1;1;3;1;2;1;2;Tissu relief;Tissu lainage;Tissu velours;Tissu moelleux;Tissu motifs ras;;;;;;3;2;2;3;3;;;;;;Tissu coton fin;Tissu motifs ras;Tissu coton toile;Tissu simili cuir;;;;;;;6;6;6;6;;;;;;;Tissu fin ras doux ;;;;;;;;;;8;;;;;;;;;
47;1;32;2;1;1;;2;9;Seat;2;1;1;2;1;3;2;1;3;1;2;Je n'aime pas cette matiere ;Je naime pas trop cette matiere en velours qui ne conviendra pas aux longs trajets;Je n'aime pas la sensation de cette matiere, et de plus ca peluche ;Au second toucher japprecie un peu plus cette matiere moletonnee ;Je naime pas cette matiere car elle me parait rugueuse;;;;;;0;2;1;6;0;;;;;;Jaime un peu car en entree de gamme elle pourrait convenir;Jaime un peu sans plus dexplication;Jaime un peu cette matiere car elle me semble pratique pour l'habitacle du vehicule et est assez elastique dc donnera un certain confort;;;;;;;;5;4;7;;;;;;;;La sensation au toucher est tres agreable;Une sensation de toucher peau de peche assez agreable;;;;;;;;;8;7;;;;;;;;
48;1;31;2;1;1;;1;3;;1;1;1;1;1;3;1;1;2;1;3;peu de matière et sans relief;trop épais  ;fade;rugueux;sans expression;trop de mousse;moche;;;;1;1;1;1;1;2;1;;;;attrape poussière;;;;;;;;;;2;;;;;;;;;;doux;raffiné;;;;;;;;;10;10;;;;;;;;
49;1;41;2;1;1;;2;9;Skoda;1;1;1;2;1;1;2;1;1;1;2;Bas de game;Epais;Moquette;Vieux coussin;Mauvaise qualité;Fin;Ancien;;;;2;6;3;2;2;3;3;;;;Touché;Texture;Eleguance;;;;;;;;5;5;3;;;;;;;;Aucun;J interressant;I semble resistant;B original;F bof;Aucun;Aucun;;;;0;5;4;3;4;0;0;;;
50;1;20;1;1;1;;2;6;;2;2;1;2;1;2;3;2;2;1;3;Je n'aime pas ce produit car il est trop dense;Je n'aime pas de toucher tout simplement;Je n'aime pas car trop rugeux;;;;;;;;2;2;2;;;;;;;;Jaime un peu car simple et efficace;Simple et efficace;Jaime un peu car il est doux;Jaime un peu car il est plutot epais mais pas trop quand meme;Agrippe bien a la main;;;;;;6;6;6;6;6;;;;;;J'aime beaucoup car estetique et efficace surbeaucoup de points;Jaimebeaucoup car si jedevais choisir unenouvelle voiture iletprobable que je prenne un tissu du meme type;;;;;;;;;9;10;;;;;;;;
51;1;19;1;1;1;;2;9;seat;2;2;1;2;1;1;2;1;1;2;3;le tissu est trop rugueux;j'ai l'impression que c'est un tapis;il est doux dans un sens mais rugueux dans l'autre;il parrait fragile;il n'est pas agréable au touché;;;;;;0;0;2;2;1;;;;;;il est agréable au touché mais un peu trop fin;il est agréable au touché mais un peu trop clasique;il est agreable mais un classqiue;c'est une matiere que j'apprécie mais on dirait un elastique;;;;;;;6;7;7;8;;;;;;;je trouve que cette matiere corespond completement à une voiture, la voiture est très agréable;;;;;;;;;;10;;;;;;;;;
52;1;29;1;1;1;;2;9;Audi;1;1;1;1;1;3;2;1;1;1;2;Trop rapeux;Trop epais;Assez fin;Trop laineux;Trop mou;Texture collante;Bien;;;;4;4;5;3;3;3;5;;;;Agreable au toucher;Style cuir jaime bien;;;;;;;;;5;6;;;;;;;;;Style alcantara jadore;;;;;;;;;;8;;;;;;;;;
53;1;30;1;1;1;;1;8;;3;2;1;2;1;1;3;2;1;1;3;Trop grossier;Contact deplaisant;Ne me plait pas;Touche trop plastique;Trop rigide a mon gout;;;;;;3;1;5;2;2;;;;;;Qualite correct;Me convient;Doux et agreable;;;;;;;;5;6;7;;;;;;;;J'aime bien;Imitation cuir interessante, de bonne qualité;;;;;;;;;9;9;;;;;;;;
54;2;64;4;1;1;;1;1;;3;1;2;2;3;3;3;3;1;2;1;Trop reche;Doit prendre toute la poussiere;Je me suis peut etre trompe, il doit etre solide;;;;;;;;3;3;6;;;;;;;;Epaisseur ,,,,,,peut etre pas mal;Ce cote uni .....sobre;Sympa;;;;;;;;5;6;6;;;;;;;;Douceur .....douceur;Confort;Sombre et peut etre solide;Celui que j'aime le mieux , doit facilement se detacher;;;;;;;6;6;6;8;;;;;;
55;2;58;3;1;2;1;;;;;1;1;1;2;3;2;3;1;2;1;Trame du tissus contact peu agreable;Trop dur au toucher;Sensation au toucher pas douce;Toucher impression moquette;Refractaire plastique;;;;;;3;2;4;5;3;;;;;;Toucher sensation moquette;Trop lisse ;Sensation tissus ameublement;;;;;;;;5;5;5;;;;;;;;Trame tissu plus douce;Toucher moelleux envellopant;;;;;;;;;8;9;;;;;;;;
56;1;72;4;1;1;;2;8;;1;3;3;2;1;3;2;1;1;2;1; Accroche trop;Trop mou;Sensation poisseuse;Imitation grossière et toucher desagreablee;;;;;;;0;8;0;2;;;;;;;Paraît solide . Sec au toucher;Sec au toucher mais paraît fragile;Paraît solide mais un peu mou;;;;;;;;10;7;7;;;;;;;;Semble solide et facile dentretien;Agréable au toucher, paraît confortable, épais, et facile d'entretien;Hyper agréable au toucher. Idéal pour les câlins dans les embouteillages;;;;;;;;10;10;10;;;;;;;
57;1;64;4;1;1;;1;4;;2;2;3;3;2;2;2;2;1;1;1;Pas assez;Pas assez doux;Trop plastique;;;;;;;;2;2;2;;;;;;;;Juste bien;Trop mou;Trop velours;Trop bas de gamme;Trop cheap;;;;;;5;5;6;5;5;;;;;;Juste bien;Juste bien;;;;;;;;;8;8;;;;;;;;
59;2;24;1;1;2;1;;;;;2;1;2;1;3;2;1;2;1;3;Je n'aime pas la texture ;Je n'aime pas la sensation du touché ;Je n'aime pas la texture du tissu ;Je n'aime pas les motifs du tissu et sa texture;;;;;;;3;4;4;3;;;;;;;J'aime un peu les motifs discrets du tissu;J'aime un peu les motifs du tissu;J'aime un peu la texture du touché ;J'aime un peu la texture ;;;;;;;6;6;7;7;;;;;;;J'aime beaucoup le fait que le tissu soit doux et agréable à toucher ;J'aime beaucoup les motifs et la texture du tissu;;;;;;;;;9;9;;;;;;;;
60;1;53;3;1;1;;1;8;;1;2;3;2;1;2;2;1;1;2;1;Peluche;Touché trop syntetique;Collant;Aspect cuir;;;;;;;0;3;3;2;;;;;;;Correct;Correct;Touché plutôt agreable;Trame correct et touché correct;Un peu rugueux;;;;;;5;5;6;6;5;;;;;;Touché agreable;;;;;;;;;;7;;;;;;;;;
61;2;54;3;1;1;;1;9;Daewoo;2;3;2;3;1;2;3;1;2;1;2;Désagréable au toucher trop reche;Trop souple;Trop rapeux;;;;;;;;1;2;3;;;;;;;;Pas assez lisse désagréable au toucher;Trop pelucheux;Pas assez doux;Juste bien au toucher;;;;;;;4;4;5;5;;;;;;;Toucher correct et sensation de solidite;Confortable au toucher,sensation de résistance,;Alliance de sensation souplesse et de tenue;;;;;;;;8;9;9;;;;;;;
62;2;23;1;1;1;;1;9;Nissan;1;1;2;2;1;1;1;1;3;1;2;Trop cheap;Feutre fait des moutons;Velour;Tissu cheap accroche;Mousse;Pas agréable ;;;;;3;1;1;4;1;3;;;;;Agréable mais pas adapté ;Tissu assez doux ;Cuir, basique ;;;;;;;;5;6;7;;;;;;;;Change du cuir classique ;;;;;;;;;;8;;;;;;;;;
63;2;71;4;1;1;;2;4;;1;1;1;3;1;1;1;1;1;1;1;Trop fin;Trop epais   ;Trop chaud;Trop vieillot      ;Trop sec;Troo epais ;Trop fin;Trop raide;Trop synthetique;;3;3;3;2;2;5;3;3;0;;;;;;;;;;;;;;;;;;;;;;Bien;;;;;;;;;;8;;;;;;;;;
64;1;22;1;1;1;;2;1;;2;1;2;2;1;3;1;1;1;1;3;Car trop simple;Original ;Trop simple;Je naime pas;Trop simple;Elastique ;;;;;4;7;4;3;2;2;;;;;Original;Plutot bien;;;;;;;;;7;6;;;;;;;;;Jaime beaucoup cette texture ;Tres agreable;;;;;;;;;9;9;;;;;;;;
65;2;27;1;1;1;;2;2;;2;1;1;1;1;3;1;2;1;2;2;Tissu rugueux;Souple et rugueux, semble elastique;Semble tissé, agreable à la vue, un peu moins au toucher;Le tissu est à peu pres doyx et semble confortable. Fait penser à de l'eponge;Trop simple, pas vraiment doux;Rugueux et inconfortable;;;;;3;3;4;5;2;2;;;;;Rembourré, confortable et doux;Doux et semble elastique;Cuir elegant et doux;;;;;;;;8;6;7;;;;;;;;Tres doux et confortable;;;;;;;;;;9;;;;;;;;;
66;2;27;1;1;1;;2;4;;1;1;3;2;1;2;1;1;1;2;2;je n aime ce tissu carla qualite du tissu m incommode;je n aime pas ce produit car c est pelucheux;je n aime pas le tissu me selble d une lauvaise qualité;je n aime pas le tissu car la matière est grince sous les doigts.;je n aime pas ce tissu car ce n est pas agreable au toucher;;;;;;3;3;3;3;3;;;;;;j aime un peu ce produit car bien qu il me semble pelucheux, la matiere est agreable au toucher.;j aime un peu ce tissu car bien que perdant de sa coukeur au toucher , il me semble degager un confort ;j aime un peu ce tissu car bien que n etant pas tres luxueux au regard sa texture est agreable;j aime un peu ce tissu car bien qu étant simple il est tres agréable au toucher.;;;;;;;6;6;7;7;;;;;;;j aime beaucoup ce tissu car il est celui que trouve le plus agreable au toucher;;;;;;;;;;9;;;;;;;;;
67;1;65;4;1;1;;1;5;;2;1;3;2;3;1;2;3;1;2;1;pas assez;juste bien;trop;juste bien;;;;;;;4;5;6;6;;;;;;;trop;pas assez;juste bien;;;;;;;;7;4;5;;;;;;;;juste bien;trop;trop;;;;;;;;6;6;7;;;;;;;
69;1;27;1;1;1;;2;3;;1;2;1;2;1;2;3;1;2;1;3;produit qui semble tenjr chaud pas super agreable au toucher;texture qui fait bax de gamme;je n'aime pas la mousse dessous;ne semble pas agreable sur un siege ;;;;;;;4;1;2;3;;;;;;;tissu qui semble coriace ;agreable et doux;produit doux mais que je ne vois pas trop dans une voiture;produit qui semble avlir avoir une bonne tenue dans le temps;;;;;;;5;7;5;6;;;;;;;agreable au toucher, et bonne qualite;meilleure toucher que les autres;;;;;;;;;8;9;;;;;;;;
70;2;31;2;1;1;;2;2;;2;1;1;1;1;3;1;1;1;2;3;il s'abime vite;cheap ;s'abime vite;cheap;cheap;cheap;cheap;;;;4;4;4;4;4;4;4;;;;propre et beau;;;;;;;;;;8;;;;;;;;;;elegant;pratique et elegant;;;;;;;;;9;10;;;;;;;;
72;1;20;1;1;1;;2;3;;1;1;2;2;2;3;1;3;1;2;1;Trop fin;Trop fin;Il parait sabimer plus que les autres;Trop synthetique a mon gout ;;;;;;;3;3;4;1;;;;;;;Il a lair assez souple ;Il alair resistant;Il est doux mais parait fragile;Il a lair solide et facile a laver;;;;;;;9;8;6;7;;;;;;;Il est tout doux;Il est moelleux;;;;;;;;;10;10;;;;;;;;
73;1;26;1;1;1;;1;9;Chevrolet;2;2;1;2;1;3;2;3;1;2;1;Trop dur;Trop moquette;Accroche trop;Accroche trop;;;;;;;3;2;2;1;;;;;;;Basic;Trop basic;Trop lisse;Simple;;;;;;;5;5;6;5;;;;;;;Agreable au toucher;Sympa;;;;;;;;;9;8;;;;;;;;
74;1;21;1;1;1;;2;3;;2;2;3;2;1;2;2;3;1;2;2;Trop de mousse;Rugueux ;;;;;;;;;2;3;;;;;;;;;Simple;Agreable;Doux mais salissant;Rien de spécial;Doux et jolie tissu;Style cuir classe;;;;;5;6;5;4;6;7;;;;;Jolie tissage doux;Mou doux quadrille jolie;;;;;;;;;8;8;;;;;;;;
75;2;34;2;1;1;;2;9;Volvo ;3;1;1;1;1;3;1;1;2;1;2;Il est trop fin et le motif n'est pas jolie;Il est trop épais et le motif n'est pas jolie;Les croisements des fils qui constituent le motif sont trop épais;Je n'aime pas l'aspect feutrine ;Le tissu est trop fin et donne l'aspect élastique;Le tissu est trop épais et le motif n'est pas du tout beau;Le motif ressemble à un élastique ;;;;2;0;3;0;3;0;0;;;;La matière est douce mais le motif n'est pas jolie;Le motif est jolie et le tissu doux;;;;;;;;;6;7;;;;;;;;;J'adore la noirceur du tissu, le motif est invisible et le tissu est doux et soyeux;;;;;;;;;;10;;;;;;;;;
76;2;24;1;1;1;;2;4;;1;1;2;3;1;2;2;1;3;1;2;Je n aime pas ce tissu car il est reche, meme si l'esthétique  est convenable. ;Je n'aime pasce tissu car enplus d'être rêche il ne me semble pas adapté car difficile d'entretien ;J aime assez peu ce tissu car il est peu esthétique;J'aime un peu ce tissu meme si je ne lui trouve rien d extraordinaire ;;;;;;;3;2;3;5;;;;;;;Jaime bien ce tissu et le trouve assez original, mais il me semble peut être etredifficile d entretien ;Jaime l esthétique  et le toucher du tissu, mais il attrappe peut être  beaucoup la poussière ;Jaime bien  ce tissu en général ;J aime bien ce tissu mais il nest peut etrepas assez passe partout;;;;;;;6;7;7;7;;;;;;;Jaime beaucoup  la qualité, l esthétique et le toucher du tissu;J aime beaucoup cetissu bien qu il me paraisse un peu fragile;;;;;;;;;9;9;;;;;;;;
77;2;45;2 3;1;1;;2;9;Opel;1;3;1;2;1;1;2;1;1;3;2;Tissu grossier, ne donne pas une impression de qualité dans un habitacle;Joli tissu mais serait vite abimé dans un voiture, s'userait trop vite avec les frottements par ex;Le toucher du velours fait des traces sur le tissu, ce ne serait pas joli sur l'ensemble de l'habitacle;Tissu grossier, facile à déchirer, serait vite abîmé ;M'apparaît trop fin donc trop fragile. J'aurais peur qu'il se déchire ;;;;;;2;3;4;1;4;;;;;;Joli' bonne qualité mais peut être un peu grossier;Joli mais trop fin, j'aurais peur qu'il se déchire ou qu'il s'use rapidement ;Bel echa'ntillon mais Je préfère du tissu dans une voiture, pas trop le cuir;;;;;;;;5;5;6;;;;;;;;Beau tissu, semble résistant ;Me semble le plus résistant pour l'habitacle, devrait durer ds le temps et résister aux frottements, enfants,  etc.;;;;;;;;;7;9;;;;;;;;
78;1;35;2;1;1;;1;2;;1;1;2;2;3;3;2;1;2;1;1;trop fin pas doux;mauvaise qualite trop mou s abime facilement;pas confortable trop dur mais resistant;ressemble a du faux cuir qualite douteuse mais peut etre joli;;;;;;;1;2;4;4;;;;;;;resistant mais pas tres premium, un peu basique;epuré, bien lisse mais un peu fin ;ne fait pas tissu, fait tres synthetique mais sobre;trop basique mais sobre simple;;;;;;;5;6;6;5;;;;;;;cosy confortable et doux;confortable doux et surtout tres premium;;;;;;;;;7;9;;;;;;;;
79;2;45;2 3;1;1;;2;6;;1;2;2;1;1;3;2;3;1;2;2;Neutre;Un peu;Un peu;;;;;;;;5;7;7;;;;;;;;Un peu;Un peu;Un peu;Un peu;Juste bien ;;;;;;6;6;7;7;7;;;;;;Vraiment bien ;Vraiment beaucoup;;;;;;;;;8;9;;;;;;;;
80;2;43;2;1;1;;2;3;;1;3;2;3;1;1;2;1;1;2;3;Pas assez;Pas assez;Juste bien;Pas assez;;;;;;;3;3;4;4;;;;;;;Trop;Juste bien;Pas assez;;;;;;;;9;5;4;;;;;;;;Trop;Juste bien;Trop;;;;;;;;9;8;10;;;;;;;
81;2;46;3;1;1;;2;6;;3;2;2;3;2;3;2;1;3;1;1;Il est trop mou;Il est trop rayé ;Il est trop kitch;;;;;;;;2;3;3;;;;;;;;J'aime un peu même si il est trop simple;Car il est juste bien tisse;Même si il fait un peu vieillot;Car il est assez bien tisse;;;;;;;4;5;3;5;;;;;;;Car il est vraiment très chic;Car il est vraiment très elegant;Car il est vraiment très moderne;;;;;;;;9;9;8;;;;;;;
82;2;42;2;1;1;;2;4;;1;2;2;3;1;1;2;1;3;1;3;trop pelucheux pas assez lisse;joli mais pas adapté à un interieur de voiture , va trop prendre la poussiere;ne correspond à un habitacle de voiture, fzit trop tissu poir siege ou vetement;fait pas de gamme ne vas pas  avec un habitacle ;;;;;;;0;0;2;0;;;;;;;sobre et lisse mais pas original pas pour une voiture;pas mal mais trop epais;lisse mais un peu trop pelucheux;;;;;;;;4;3;5;;;;;;;;irait bien dans une voiture meme si pas assez lisse;joli aspect assez lisse style lin peu etre bien elegant;ideal correspond tres bien à un habitacle de voiture;;;;;;;;6;8;10;;;;;;;
84;2;31;2;1;1;;2;2;;1;2;1;3;1;1;3;1;1;1;2;je n aime pas car on voit les lignes du tisssu;je n aime pas car le tissu perd ses poils;je n aime pas la matiere velours;je n aime par car il ne fait pas du tout qualitatif;je n aime pas la qualite du tissu;je n aime pas le cote trop synthetique de ce tissu;;;;;2;1;2;1;1;1;;;;;j aime un peu car le tissu a l air qualitatif mais fin;j aime un peu l effet cuir mais qui est pas assez bien imite;;;;;;;;;4;4;;;;;;;;;j aime beaucoup la qualite de ce tissu;j aime beaucoup la qualite de ce tissu;;;;;;;;;8;8;;;;;;;;
85;2;37;2;1;1;;2;6;;1;3;2;3;1;2;3;1;2;1;2;Trop synthétique ;Il n'est pas assez résistant ;Il a un effet trop plastique ;;;;;;;;0;0;1;;;;;;;;J'aime un peu bien qu'il fasse trop coton vestimentaire ;J'aime bien au toucher bien qu'il ne soit pas adapté à l'intérieur d'une voiture ;J'aime bien quoi qu'il ne fasse pas une impressionnée qualité ;J'aime un peu car résistant mais peu esthétique ;;;;;;;4;4;3;3;;;;;;;J'aime beaucoup car simple et efficace et aspect qualitatif ;J'aime beaucoup idem À mais on peu moins résistant en apparence ;J'aime maisnlallure est plus synthétique et moins qualitative ;;;;;;;;8;7;6;;;;;;;
