ID_juge;Produit;Classe_hedo;decription_corrig;Note;JP;JxCH
19;A;je n'aime pas;pas assez epais;2;19_A;19_je n'aime pas
19;B;je n'aime pas;assez bien;4;19_B;19_je n'aime pas
19;C;j'aime un peu;bonne trame;5;19_C;19_j'aime un peu
19;D;j'aime un peu;bien epais;6;19_D;19_j'aime un peu
19;E;j'aime un peu;classe mais peux trop salissant;6;19_E;19_j'aime un peu
19;F;je n'aime pas;pas assez epais;2;19_F;19_je n'aime pas
19;G;j'aime un peu;bon assez epais;6;19_G;19_j'aime un peu
19;H;j'aime un peu;bon mais trop leger;5;19_H;19_j'aime un peu
19;I;je n'aime pas;bien;5;19_I;19_je n'aime pas
19;J;j'aime beaucoup;tres classe;9;19_J;19_j'aime beaucoup
20;A;j'aime un peu;bien sensation cuir mais peu trop dur;6;20_A;20_j'aime un peu
20;B;je n'aime pas;sensation peau morte;3;20_B;20_je n'aime pas
20;C;j'aime un peu;pal mal mais peu sec toucher;7;20_C;20_j'aime un peu
20;D;je n'aime pas;semble proche feutrine;2;20_D;20_je n'aime pas
20;E;je n'aime pas;n' aime pas sensation velours;3;20_E;20_je n'aime pas
20;F;j'aime beaucoup;bonne sensation tactile rigidite bien agreable;10;20_F;20_j'aime beaucoup
20;G;je n'aime pas;chien trop mou spongieux;1;20_G;20_je n'aime pas
20;H;j'aime un peu;assez doux mais sensation moins agreable peau;6;20_H;20_j'aime un peu
20;I;j'aime un peu;assez confortable mais peu trop sec;7;20_I;20_j'aime un peu
20;J;j'aime beaucoup;assez moelleux mais sensation peu plastique;9;20_J;20_j'aime beaucoup
21;A;j'aime un peu;tissus fin petites mailles;7;21_A;21_j'aime un peu
21;B;j'aime beaucoup;epaisseur tissu touche;9;21_B;21_j'aime beaucoup
21;C;je n'aime pas;impression bas gamme;3;21_C;21_je n'aime pas
21;D;j'aime un peu;s' abime frottements;6;21_D;21_j'aime un peu
21;E;j'aime beaucoup;aspect velours esthetique qualitatif;10;21_E;21_j'aime beaucoup
21;F;j'aime un peu;plus brillant tissu a;6;21_F;21_j'aime un peu
21;G;je n'aime pas;bizarre touche;4;21_G;21_je n'aime pas
21;H;je n'aime pas;texture grasse;4;21_H;21_je n'aime pas
21;I;je n'aime pas;character(0);5;21_I;21_je n'aime pas
21;J;j'aime un peu;cuir qualitatif;8;21_J;21_j'aime un peu
23;A;j'aime un peu;pas assez sophistique;6;23_A;23_j'aime un peu
23;B;j'aime un peu;peu trop grossier;6;23_B;23_j'aime un peu
23;C;je n'aime pas;trop fin;5;23_C;23_je n'aime pas
23;D;je n'aime pas;trop poilu;3;23_D;23_je n'aime pas
23;E;j'aime beaucoup;vraiment agreable toucher;10;23_E;23_j'aime beaucoup
23;F;j'aime beaucoup;simple vraiment bien fini;10;23_F;23_j'aime beaucoup
23;G;j'aime un peu;trop mou;6;23_G;23_j'aime un peu
23;H;j'aime beaucoup;vraiment agreable moderne;10;23_H;23_j'aime beaucoup
23;I;je n'aime pas;pas assez raffine;4;23_I;23_je n'aime pas
23;J;j'aime beaucoup;assez classe;9;23_J;23_j'aime beaucoup
26;A;j'aime un peu;sais pas;6;26_A;26_j'aime un peu
26;B;je n'aime pas;pas assez souple;5;26_B;26_je n'aime pas
26;C;je n'aime pas;pas assez douillet;5;26_C;26_je n'aime pas
26;D;je n'aime pas;tissu gratte;5;26_D;26_je n'aime pas
26;E;j'aime beaucoup;doux moelleux confortable;9;26_E;26_j'aime beaucoup
26;F;j'aime beaucoup;doux;8;26_F;26_j'aime beaucoup
26;G;je n'aime pas;reche;5;26_G;26_je n'aime pas
26;H;j'aime un peu;doux toucher;7;26_H;26_j'aime un peu
26;I;je n'aime pas;tissu reche;5;26_I;26_je n'aime pas
26;J;j'aime beaucoup;doux moelleux confortable;10;26_J;26_j'aime beaucoup
27;A;j'aime un peu;j' aime peu produit car reste discret sans desagreable trop desagrzable toucher;5;27_A;27_j'aime un peu
27;B;je n'aime pas;n' aime pas produit car epais;3;27_B;27_je n'aime pas
27;C;j'aime un peu;j' aime peu produit car convenablement epais;5;27_C;27_j'aime un peu
27;D;je n'aime pas;n' aime pas produit car trop semblable a moquette;2;27_D;27_je n'aime pas
27;E;je n'aime pas;n' aime pas produit car ne visualise pas genre matiere voiture meme si agreable touche;3;27_E;27_je n'aime pas
27;F;j'aime un peu;j' aime jaime peu produit car reste doux agreable toucher sans etre trop epais;6;27_F;27_j'aime un peu
27;G;je n'aime pas;trop grossier;1;27_G;27_je n'aime pas
27;H;j'aime un peu;j' aime peu produit car lisse;5;27_H;27_j'aime un peu
27;I;je n'aime pas;n' aime pas produit car pas confortable;1;27_I;27_je n'aime pas
27;J;j'aime beaucoup;reste lisse assez chic;7;27_J;27_j'aime beaucoup
28;A;je n'aime pas;pas assez epais;4;28_A;28_je n'aime pas
28;B;je n'aime pas;pas assez qualitatif;3;28_B;28_je n'aime pas
28;C;j'aime un peu;pas assez doux;6;28_C;28_j'aime un peu
28;D;je n'aime pas;trop fibres;3;28_D;28_je n'aime pas
28;E;j'aime beaucoup;juste bien agreable toucher;9;28_E;28_j'aime beaucoup
28;F;j'aime un peu;juste bien tisse;7;28_F;28_j'aime un peu
28;G;je n'aime pas;trop mou;4;28_G;28_je n'aime pas
28;H;j'aime un peu;juste bien lisse;7;28_H;28_j'aime un peu
28;I;je n'aime pas;trop industriel;3;28_I;28_je n'aime pas
28;J;j'aime beaucoup;juste bien qualitatif;9;28_J;28_j'aime beaucoup
29;A;j'aime un peu;simple touch  design correct;6;29_A;29_j'aime un peu
29;B;je n'aime pas;n' aime pas design simple quelconque tissu bizarre touche;2;29_B;29_je n'aime pas
29;C;je n'aime pas;design moche;1;29_C;29_je n'aime pas
29;D;je n'aime pas;dirait feutrine crains s' abime trop vite;2;29_D;29_je n'aime pas
29;E;j'aime beaucoup;super doux touche j' aime type tissu donne l' impression d' etre brillant quand passe doigt dessus;9;29_E;29_j'aime beaucoup
29;F;j'aime un peu;sympa touche design tissu simple;6;29_F;29_j'aime un peu
29;G;je n'aime pas;n' aime pas tout matiere;1;29_G;29_je n'aime pas
29;H;je n'aime pas;tissu rigide;1;29_H;29_je n'aime pas
29;I;je n'aime pas;dirait l' elastique n' aime pas touch ;2;29_I;29_je n'aime pas
29;J;j'aime un peu;ressemble plus a cuire meme si n' pas doux agreable touche;7;29_J;29_j'aime un peu
30;A;je n'aime pas;trop fin;3;30_A;30_je n'aime pas
30;B;j'aime un peu;juste bien epais;5;30_B;30_j'aime un peu
30;C;j'aime un peu;doux toucher;5;30_C;30_j'aime un peu
30;D;je n'aime pas;trop ramasse poussiere;3;30_D;30_je n'aime pas
30;E;j'aime un peu;tres doux toucher;6;30_E;30_j'aime un peu
30;F;j'aime un peu;peu fin;5;30_F;30_j'aime un peu
30;G;je n'aime pas;trop synthetique viscose;4;30_G;30_je n'aime pas
30;H;j'aime un peu;trop plissure marques;5;30_H;30_j'aime un peu
30;I;j'aime beaucoup;raffine;6;30_I;30_j'aime beaucoup
30;J;j'aime beaucoup;imitation cuir elegant;8;30_J;30_j'aime beaucoup
31;A;je n'aime pas;reche;2;31_A;31_je n'aime pas
31;B;j'aime un peu;plutot epais mais peu dur;4;31_B;31_j'aime un peu
31;C;je n'aime pas;peu trop fin;3;31_C;31_je n'aime pas
31;D;je n'aime pas;doit vite s' abimer pelucher;1;31_D;31_je n'aime pas
31;E;j'aime beaucoup;tres doux assez epais;9;31_E;31_j'aime beaucoup
31;F;j'aime un peu;assez doux mais fin;4;31_F;31_j'aime un peu
31;G;j'aime beaucoup;bien moelleux a voir temps si tient si affaissement;10;31_G;31_j'aime beaucoup
31;H;j'aime un peu;matiere interessante mais effet collant;4;31_H;31_j'aime un peu
31;I;j'aime un peu;assez epais doit bien tenir temps;6;31_I;31_j'aime un peu
31;J;j'aime beaucoup;effet cuir a voir changement temperature fonction saison;8;31_J;31_j'aime beaucoup
32;A;je n'aime pas;toucher pas agreable;2;32_A;32_je n'aime pas
32;B;j'aime un peu;plus epais agreable toucher;7;32_B;32_j'aime un peu
32;C;j'aime un peu;agreable;7;32_C;32_j'aime un peu
32;D;je n'aime pas;pas agreable;3;32_D;32_je n'aime pas
32;E;j'aime un peu;style canape;7;32_E;32_j'aime un peu
32;F;j'aime un peu;glisse n' aime pas aspect;5;32_F;32_j'aime un peu
32;G;je n'aime pas;mousse peut ecraser facilement;2;32_G;32_je n'aime pas
32;H;je n'aime pas;dur ne glisse pas;2;32_H;32_je n'aime pas
32;I;je n'aime pas;agreable mais glisse;7;32_I;32_je n'aime pas
32;J;j'aime un peu;n' aime pas aspect;5;32_J;32_j'aime un peu
33;A;j'aime un peu;sportwear;6;33_A;33_j'aime un peu
33;B;je n'aime pas;mistake;1;33_B;33_je n'aime pas
33;C;je n'aime pas;trop reche;3;33_C;33_je n'aime pas
33;D;je n'aime pas;desagreable;0;33_D;33_je n'aime pas
33;E;je n'aime pas;desagreable;0;33_E;33_je n'aime pas
33;F;je n'aime pas;desagreable;0;33_F;33_je n'aime pas
33;G;je n'aime pas;maux tete;0;33_G;33_je n'aime pas
33;H;je n'aime pas;vertige;0;33_H;33_je n'aime pas
33;I;j'aime beaucoup;sportwear;5;33_I;33_j'aime beaucoup
33;J;j'aime beaucoup;lisse;6;33_J;33_j'aime beaucoup
34;A;j'aime un peu;trame juste bien structuree;6;34_A;34_j'aime un peu
34;B;j'aime beaucoup;vraiment agreable toucher;8;34_B;34_j'aime beaucoup
34;C;j'aime un peu;trame juste bien equilibree douce;6;34_C;34_j'aime un peu
34;D;j'aime un peu;tissus juste bien doux;5;34_D;34_j'aime un peu
34;E;j'aime beaucoup;tissus vraiment doux;8;34_E;34_j'aime beaucoup
34;F;j'aime un peu;tissus juste bien trame fin;6;34_F;34_j'aime un peu
34;G;je n'aime pas;trop mou;3;34_G;34_je n'aime pas
34;H;je n'aime pas;trop collant;0;34_H;34_je n'aime pas
34;I;je n'aime pas;trop synthetique;3;34_I;34_je n'aime pas
34;J;j'aime un peu;tissus juste bien enduit;6;34_J;34_j'aime un peu
35;A;j'aime un peu;j' aime peu tissu bien qu' peu trop fin;6;35_A;35_j'aime un peu
35;B;je n'aime pas;n' aime pas produit car peu trop epais;6;35_B;35_je n'aime pas
35;C;j'aime beaucoup;j' aime beaucoup car vraiment agreable toucher aspect peu feutre;9;35_C;35_j'aime beaucoup
35;D;je n'aime pas;n' aime pas produit car va attraper trop poussiere;4;35_D;35_je n'aime pas
35;E;je n'aime pas;n' aime pas produit car trouve trop doux habitacle voiture;5;35_E;35_je n'aime pas
35;F;j'aime un peu;j' aime peu tissu car juste bien niveau tissage;7;35_F;35_j'aime un peu
35;G;j'aime beaucoup;j' aime beaucoup produit car vraiment moelleux;9;35_G;35_j'aime beaucoup
35;H;j'aime beaucoup;j' aime beaucoup produit car a aspect peu cuir;9;35_H;35_j'aime beaucoup
35;I;j'aime un peu;j' aime peu tissu car juste niveau l' epaisseur j' aime bien tissage;8;35_I;35_j'aime un peu
35;J;j'aime beaucoup;j' aime beaucoup produit car vraiment elegant;10;35_J;35_j'aime beaucoup
36;A;j'aime beaucoup;juste bien touche trame discrete dicrete adaptee;7;36_A;36_j'aime beaucoup
36;B;j'aime un peu;tissu peu dense mais peut convenir;4;36_B;36_j'aime un peu
36;C;j'aime beaucoup;tres agreable j' aime beaucoup trame diagonale;7;36_C;36_j'aime beaucoup
36;D;je n'aime pas;feutre ameublement trop elabore;2;36_D;36_je n'aime pas
36;E;je n'aime pas;tissu velours habillement trop classe;3;36_E;36_je n'aime pas
36;F;j'aime un peu;juste bien trame epaisseur;6;36_F;36_j'aime un peu
36;G;je n'aime pas;tissu trop mousse isolation;1;36_G;36_je n'aime pas
36;H;j'aime beaucoup;j' aime beaucoup matiere;8;36_H;36_j'aime beaucoup
36;I;je n'aime pas;j' aime peu fibre textiles;3;36_I;36_je n'aime pas
36;J;je n'aime pas;n' aime pas tissu simili cuire desagreable touche;1;36_J;36_je n'aime pas
37;A;je n'aime pas;pas assez doux;4;37_A;37_je n'aime pas
37;B;je n'aime pas;trop reche;2;37_B;37_je n'aime pas
37;C;j'aime un peu;agreable;6;37_C;37_j'aime un peu
37;D;j'aime beaucoup;bon toucher doux;9;37_D;37_j'aime beaucoup
37;E;j'aime beaucoup;resistant doux;8;37_E;37_j'aime beaucoup
37;F;j'aime un peu;agreable;7;37_F;37_j'aime un peu
37;G;j'aime beaucoup;agreable toucher doux resistant;10;37_G;37_j'aime beaucoup
37;H;je n'aime pas;ca accroche;3;37_H;37_je n'aime pas
37;I;je n'aime pas;ca accroche;3;37_I;37_je n'aime pas
37;J;j'aime un peu;peu raide;5;37_J;37_j'aime un peu
38;A;j'aime beaucoup;j' aime beaucoup parce efficace;10;38_A;38_j'aime beaucoup
38;B;je n'aime pas;pas assez;6;38_B;38_je n'aime pas
38;C;j'aime un peu;manque praticite;8;38_C;38_j'aime un peu
38;D;je n'aime pas;trop amere;6;38_D;38_je n'aime pas
38;E;j'aime beaucoup;bien;8;38_E;38_j'aime beaucoup
38;F;j'aime beaucoup;vraiment bien;10;38_F;38_j'aime beaucoup
38;G;je n'aime pas;pas assez;4;38_G;38_je n'aime pas
38;H;je n'aime pas;pas assez;5;38_H;38_je n'aime pas
38;I;j'aime beaucoup;bien;9;38_I;38_j'aime beaucoup
38;J;j'aime un peu;juste bien menthole;7;38_J;38_j'aime un peu
39;A;j'aime un peu;tissus relativement lisse;6;39_A;39_j'aime un peu
39;B;je n'aime pas;pas assez;0;39_B;39_je n'aime pas
39;C;j'aime un peu;j' aime peu bien qu' semble peu pelucheux;5;39_C;39_j'aime un peu
39;D;je n'aime pas;pas assez joli;0;39_D;39_je n'aime pas
39;E;je n'aime pas;juste bien;5;39_E;39_je n'aime pas
39;F;j'aime beaucoup;tissus semble bonne qualite;8;39_F;39_j'aime beaucoup
39;G;je n'aime pas;pas assez;1;39_G;39_je n'aime pas
39;H;j'aime un peu;j' aime peu car semble resistant;4;39_H;39_j'aime un peu
39;I;je n'aime pas;pas assez;1;39_I;39_je n'aime pas
39;J;j'aime beaucoup;tissus semble resistant probablement peu salissant;10;39_J;39_j'aime beaucoup
40;A;j'aime un peu;juste bien;2;40_A;40_j'aime un peu
40;B;je n'aime pas;n' aime pas trop lisse;1;40_B;40_je n'aime pas
40;C;j'aime un peu;tres doux;3;40_C;40_j'aime un peu
40;D;j'aime un peu;tres jolie;4;40_D;40_j'aime un peu
40;E;j'aime beaucoup;juste bien;9;40_E;40_j'aime beaucoup
40;F;j'aime un peu;tres nul;4;40_F;40_j'aime un peu
40;G;j'aime beaucoup;juste bien;10;40_G;40_j'aime beaucoup
40;H;je n'aime pas;pas assez;1;40_H;40_je n'aime pas
40;I;j'aime un peu;pas confortable;3;40_I;40_j'aime un peu
40;J;j'aime beaucoup;juste bien;10;40_J;40_j'aime beaucoup
41;A;j'aime un peu;toucher agreable mais coroneux donc difficile a entretenir trois enfants;3;41_A;41_j'aime un peu
41;B;je n'aime pas;trop epais rugueux va accrocher toutes saletes;1;41_B;41_je n'aime pas
41;C;j'aime beaucoup;agreable chaleureux joli semble resistant;7;41_C;41_j'aime beaucoup
41;D;je n'aime pas;idem trop possibilites d' accrocher toutes saletes;0;41_D;41_je n'aime pas
41;E;j'aime un peu;toucher agreable sensation chaleureuse probablement probableme fragile ;5;41_E;41_j'aime un peu
41;F;j'aime un peu;doux tissage serre semble solide confortable confirtable;6;41_F;41_j'aime un peu
41;G;je n'aime pas;toucher desagreable impression bas gamme;0;41_G;41_je n'aime pas
41;H;j'aime un peu;doux agreable tissage serre semble facile d' entretien;6;41_H;41_j'aime un peu
41;I;j'aime un peu;agreable toucher entretien semble facile mais pas tres joli;5;41_I;41_j'aime un peu
41;J;j'aime beaucoup;fait rever donne l' impression d' etre voiture luxe peu reve;9;41_J;41_j'aime beaucoup
42;A;j'aime un peu;doux toucher;6;42_A;42_j'aime un peu
42;B;je n'aime pas;trop raide;3;42_B;42_je n'aime pas
42;C;j'aime un peu;eclat;7;42_C;42_j'aime un peu
42;D;j'aime un peu;jolie texture;7;42_D;42_j'aime un peu
42;E;je n'aime pas;terne;4;42_E;42_je n'aime pas
42;F;j'aime un peu;doux toucher;6;42_F;42_j'aime un peu
42;G;je n'aime pas;pas facile toucher;3;42_G;42_je n'aime pas
42;H;j'aime un peu;facile toucher;6;42_H;42_j'aime un peu
42;I;je n'aime pas;pas beau a voir;2;42_I;42_je n'aime pas
42;J;j'aime beaucoup;joli motif cote cuir;9;42_J;42_j'aime beaucoup
43;A;je n'aime pas;trop rugueux;2;43_A;43_je n'aime pas
43;B;je n'aime pas;pas assez lisse;2;43_B;43_je n'aime pas
43;C;j'aime un peu;pas assez epais;4;43_C;43_j'aime un peu
43;D;je n'aime pas;trop attrape poussier;2;43_D;43_je n'aime pas
43;E;j'aime beaucoup;juste bien toucher;8;43_E;43_j'aime beaucoup
43;F;j'aime un peu;pas assez doux;5;43_F;43_j'aime un peu
43;G;je n'aime pas;pas assez rigide;2;43_G;43_je n'aime pas
43;H;j'aime un peu;trop collant;4;43_H;43_j'aime un peu
43;I;je n'aime pas;pas assez lisse;2;43_I;43_je n'aime pas
43;J;j'aime beaucoup;juste bien confort;9;43_J;43_j'aime beaucoup
44;A;j'aime beaucoup;fait naturel comme melange coton;6;44_A;44_j'aime beaucoup
44;B;j'aime un peu;plutot confortable mais trop stries pas agreable contact peau;5;44_B;44_j'aime un peu
44;C;j'aime beaucoup;agreable contact peau plutot confort;7;44_C;44_j'aime beaucoup
44;D;je n'aime pas;tissus fait peluche;5;44_D;44_je n'aime pas
44;E;j'aime beaucoup;doux aspet velours;7;44_E;44_j'aime beaucoup
44;F;j'aime un peu;pas assez doux;5;44_F;44_j'aime un peu
44;G;j'aime beaucoup;doux molletonne confortable;8;44_G;44_j'aime beaucoup
44;H;je n'aime pas;sec;6;44_H;44_je n'aime pas
44;I;j'aime un peu;trop stries tissus;5;44_I;44_j'aime un peu
44;J;je n'aime pas;trop lisse fait faux cuir ca colle peau;4;44_J;44_je n'aime pas
45;A;j'aime un peu;doux toucher;4;45_A;45_j'aime un peu
45;B;j'aime un peu;confortable;5;45_B;45_j'aime un peu
45;C;j'aime un peu;touchet agreable;3;45_C;45_j'aime un peu
45;D;j'aime un peu;doit etre agreable hiver moins ete;3;45_D;45_j'aime un peu
45;E;j'aime beaucoup;tres agreable sensation toucher;6;45_E;45_j'aime beaucoup
45;F;j'aime un peu;confortable mais peu reche toucher;3;45_F;45_j'aime un peu
45;G;je n'aime pas;trop acrylique pas agreable toucher;0;45_G;45_je n'aime pas
45;H;j'aime beaucoup;tissu a trame serree doit etre solide a l' usure;7;45_H;45_j'aime beaucoup
45;I;j'aime beaucoup;idem tissu h toucher plus doux;8;45_I;45_j'aime beaucoup
45;J;j'aime beaucoup;confort d' tissu solide toucher cuir agreable seul point pourrait etre negatif solidite aus griffures autres;8;45_J;45_j'aime beaucoup
46;A;j'aime un peu;tissu coton fin;6;46_A;46_j'aime un peu
46;B;je n'aime pas;tissu relief;3;46_B;46_je n'aime pas
46;C;j'aime un peu;tissu motifs ras;6;46_C;46_j'aime un peu
46;D;je n'aime pas;tissu lainage;2;46_D;46_je n'aime pas
46;E;je n'aime pas;tissu velours;2;46_E;46_je n'aime pas
46;F;j'aime beaucoup;tissu fin ras doux;8;46_F;46_j'aime beaucoup
46;G;je n'aime pas;tissu moelleux;3;46_G;46_je n'aime pas
46;H;j'aime un peu;tissu coton toile;6;46_H;46_j'aime un peu
46;I;je n'aime pas;tissu motifs ras;3;46_I;46_je n'aime pas
46;J;j'aime un peu;tissu simili cuir;6;46_J;46_j'aime un peu
47;A;je n'aime pas;n' aime pas matiere;0;47_A;47_je n'aime pas
47;B;je n'aime pas;n' aime pas trop matiere velours ne conviendra pas longs trajets;2;47_B;47_je n'aime pas
47;C;j'aime un peu;j' aime peu car entree gamme pourrait convenir;5;47_C;47_j'aime un peu
47;D;je n'aime pas;n' aime pas sensation matiere plus ca peluche;1;47_D;47_je n'aime pas
47;E;j'aime beaucoup;sensation toucher tres agreable;8;47_E;47_j'aime beaucoup
47;F;j'aime un peu;j' aime peu sans plus d' explication;4;47_F;47_j'aime un peu
47;G;je n'aime pas;second toucher j' apprecie peu plus matiere molletonnee;6;47_G;47_je n'aime pas
47;H;j'aime beaucoup;sensation toucher peau peche assez agreable;7;47_H;47_j'aime beaucoup
47;I;je n'aime pas;n' aime pas matiere car parait rugueuse;0;47_I;47_je n'aime pas
47;J;j'aime un peu;n' aime peu matiere car semble pratique l' habitacle vehicule assez elastique donc donnera certain confort;7;47_J;47_j'aime un peu
48;A;je n'aime pas;peu matiere sans relief;1;48_A;48_je n'aime pas
48;B;je n'aime pas;trop epais;1;48_B;48_je n'aime pas
48;C;je n'aime pas;fade;1;48_C;48_je n'aime pas
48;D;je n'aime pas;rugueux;1;48_D;48_je n'aime pas
48;E;j'aime beaucoup;doux;10;48_E;48_j'aime beaucoup
48;F;je n'aime pas;sans expression;1;48_F;48_je n'aime pas
48;G;je n'aime pas;trop mousse;2;48_G;48_je n'aime pas
48;H;j'aime un peu;attrape poussiere;2;48_H;48_j'aime un peu
48;I;je n'aime pas;moche;1;48_I;48_je n'aime pas
48;J;j'aime beaucoup;raffine;10;48_J;48_j'aime beaucoup
49;A;je n'aime pas;bas gamme;2;49_A;49_je n'aime pas
49;B;je n'aime pas;epais;6;49_B;49_je n'aime pas
49;C;j'aime un peu;touche;5;49_C;49_j'aime un peu
49;D;je n'aime pas;moquette;3;49_D;49_je n'aime pas
49;E;je n'aime pas;vieux coussin;2;49_E;49_je n'aime pas
49;F;j'aime un peu;texture;5;49_F;49_j'aime un peu
49;G;je n'aime pas;mauvaise qualite;2;49_G;49_je n'aime pas
49;H;je n'aime pas;fin;3;49_H;49_je n'aime pas
49;I;je n'aime pas;ancien;3;49_I;49_je n'aime pas
49;J;j'aime un peu;elegance;3;49_J;49_j'aime un peu
50;A;j'aime un peu;j' aime peu car simple efficace;6;50_A;50_j'aime un peu
50;B;je n'aime pas;n' aime pas produit car trop dense;2;50_B;50_je n'aime pas
50;C;j'aime un peu;simple efficace;6;50_C;50_j'aime un peu
50;D;je n'aime pas;n' aime pas toucher tout simplement;2;50_D;50_je n'aime pas
50;E;j'aime un peu;j' aime peu car doux;6;50_E;50_j'aime un peu
50;F;j'aime beaucoup;j' aime beaucoup car esthetique efficace beaucoup points;9;50_F;50_j'aime beaucoup
50;G;j'aime un peu;j' aime peu car plutot epais mais pas trop quand meme;6;50_G;50_j'aime un peu
50;H;j'aime un peu;agrippe bien a main;6;50_H;50_j'aime un peu
50;I;je n'aime pas;n' aime pas car trop rugueux;2;50_I;50_je n'aime pas
50;J;j'aime beaucoup;j' aime beaucoup car si devrais choisir nouvelle voiture probable prenne tissu meme type;10;50_J;50_j'aime beaucoup
51;A;j'aime un peu;agreable touche mais peu trop fin;6;51_A;51_j'aime un peu
51;B;je n'aime pas;tissu trop rugueux;0;51_B;51_je n'aime pas
51;C;j'aime un peu;agreable touche mais peu trop classique;7;51_C;51_j'aime un peu
51;D;je n'aime pas;j' l' impression c' tapis;0;51_D;51_je n'aime pas
51;E;je n'aime pas;doux sens mais rugueux l' autre;2;51_E;51_je n'aime pas
51;F;j'aime un peu;agreable mais classique;7;51_F;51_j'aime un peu
51;G;je n'aime pas;parait fragile;2;51_G;51_je n'aime pas
51;H;je n'aime pas;n' pas agreable touche;1;51_H;51_je n'aime pas
51;I;j'aime un peu;c' matiere j' apprecie mais dirait elastique;8;51_I;51_j'aime un peu
51;J;j'aime beaucoup;trouve matiere correspond completement a voiture voiture tres agreable;10;51_J;51_j'aime beaucoup
52;A;je n'aime pas;trop rapeux;4;52_A;52_je n'aime pas
52;B;je n'aime pas;trop epais;4;52_B;52_je n'aime pas
52;C;je n'aime pas;assez fin;5;52_C;52_je n'aime pas
52;D;je n'aime pas;trop laineux;3;52_D;52_je n'aime pas
52;E;j'aime beaucoup;style alcantara j' adore;8;52_E;52_j'aime beaucoup
52;F;j'aime un peu;agreable toucher;5;52_F;52_j'aime un peu
52;G;je n'aime pas;trop mou;3;52_G;52_je n'aime pas
52;H;je n'aime pas;texture collante;3;52_H;52_je n'aime pas
52;I;je n'aime pas;bien;5;52_I;52_je n'aime pas
52;J;j'aime un peu;style cuir j' aime bien;6;52_J;52_j'aime un peu
53;A;j'aime un peu;qualite correct;5;53_A;53_j'aime un peu
53;B;je n'aime pas;trop grossier;3;53_B;53_je n'aime pas
53;C;j'aime un peu;convient;6;53_C;53_j'aime un peu
53;D;je n'aime pas;contact deplaisant;1;53_D;53_je n'aime pas
53;E;je n'aime pas;ne plait pas;5;53_E;53_je n'aime pas
53;F;j'aime beaucoup;j' aime bien;9;53_F;53_j'aime beaucoup
53;G;j'aime un peu;doux agreable;7;53_G;53_j'aime un peu
53;H;je n'aime pas;touche trop plastique;2;53_H;53_je n'aime pas
53;I;je n'aime pas;trop rigide a gout;2;53_I;53_je n'aime pas
53;J;j'aime beaucoup;imitation cuir interessante bonne qualite;9;53_J;53_j'aime beaucoup
54;A;je n'aime pas;trop reche;3;54_A;54_je n'aime pas
54;B;j'aime un peu;epaisseur peut etre pas mal;5;54_B;54_j'aime un peu
54;C;j'aime un peu;cote uni sobre;6;54_C;54_j'aime un peu
54;D;j'aime beaucoup;douceur douceur;6;54_D;54_j'aime beaucoup
54;E;j'aime beaucoup;confort;6;54_E;54_j'aime beaucoup
54;F;j'aime beaucoup;sombre peut etre solide;6;54_F;54_j'aime beaucoup
54;G;j'aime beaucoup;celui j' aime mieux doit facilement detacher;8;54_G;54_j'aime beaucoup
54;H;je n'aime pas;doit prendre toute poussiere;3;54_H;54_je n'aime pas
54;I;j'aime un peu;sympa;6;54_I;54_j'aime un peu
54;J;je n'aime pas;peut etre trompe doit etre solide;6;54_J;54_je n'aime pas
55;A;je n'aime pas;trame tissus contact peu agreable;3;55_A;55_je n'aime pas
55;B;je n'aime pas;trop dur toucher;2;55_B;55_je n'aime pas
55;C;je n'aime pas;sensation toucher pas douce;4;55_C;55_je n'aime pas
55;D;j'aime un peu;toucher sensation moquette;5;55_D;55_j'aime un peu
55;E;j'aime beaucoup;trame tissu plus douce;8;55_E;55_j'aime beaucoup
55;F;j'aime un peu;trop lisse;5;55_F;55_j'aime un peu
55;G;j'aime beaucoup;toucher moelleux enveloppant;9;55_G;55_j'aime beaucoup
55;H;je n'aime pas;toucher impression moquette;5;55_H;55_je n'aime pas
55;I;j'aime un peu;sensation tissus ameublement;5;55_I;55_j'aime un peu
55;J;je n'aime pas;refractaire plastique;3;55_J;55_je n'aime pas
56;A;j'aime beaucoup;semble solide facile entretien;10;56_A;56_j'aime beaucoup
56;B;j'aime beaucoup;agreable toucher parait confortable epais facile d' entretien;10;56_B;56_j'aime beaucoup
56;C;j'aime un peu;parait solide sec toucher;10;56_C;56_j'aime un peu
56;D;je n'aime pas;accroche trop;0;56_D;56_je n'aime pas
56;E;j'aime beaucoup;hyper agreable toucher ideal calins embouteillages;10;56_E;56_j'aime beaucoup
56;F;j'aime un peu;sec toucher mais parait fragile;7;56_F;56_j'aime un peu
56;G;je n'aime pas;trop mou;8;56_G;56_je n'aime pas
56;H;je n'aime pas;sensation poisseuse;0;56_H;56_je n'aime pas
56;I;j'aime un peu;parait solide mais peu mou;7;56_I;56_j'aime un peu
56;J;je n'aime pas;imitation grossiere toucher desagreable;2;56_J;56_je n'aime pas
57;A;j'aime un peu;juste bien;5;57_A;57_j'aime un peu
57;B;j'aime beaucoup;juste bien;8;57_B;57_j'aime beaucoup
57;C;j'aime beaucoup;juste bien;8;57_C;57_j'aime beaucoup
57;D;j'aime un peu;trop mou;5;57_D;57_j'aime un peu
57;E;j'aime un peu;trop velours;6;57_E;57_j'aime un peu
57;F;j'aime un peu;trop bas gamme;5;57_F;57_j'aime un peu
57;G;j'aime un peu;trop cheap;5;57_G;57_j'aime un peu
57;H;je n'aime pas;pas assez;2;57_H;57_je n'aime pas
57;I;je n'aime pas;pas assez doux;2;57_I;57_je n'aime pas
57;J;je n'aime pas;trop plastique;2;57_J;57_je n'aime pas
59;A;j'aime un peu;j' aime peu motifs discrets tissu;6;59_A;59_j'aime un peu
59;B;je n'aime pas;n' aime pas texture;3;59_B;59_je n'aime pas
59;C;j'aime un peu;j' aime peu motifs tissu;6;59_C;59_j'aime un peu
59;D;je n'aime pas;n' aime pas sensation touche;4;59_D;59_je n'aime pas
59;E;j'aime beaucoup;j' aime beaucoup fait tissu doux agreable a toucher;9;59_E;59_j'aime beaucoup
59;F;j'aime un peu;j' aime peu texture touche;7;59_F;59_j'aime un peu
59;G;je n'aime pas;n' aime pas texture tissu;4;59_G;59_je n'aime pas
59;H;j'aime un peu;j' aime peu texture;7;59_H;59_j'aime un peu
59;I;je n'aime pas;n' aime pas motifs tissu texture;3;59_I;59_je n'aime pas
59;J;j'aime beaucoup;j' aime beaucoup motifs texture tissu;9;59_J;59_j'aime beaucoup
60;A;j'aime un peu;correct;5;60_A;60_j'aime un peu
60;B;j'aime beaucoup;touche agreable;7;60_B;60_j'aime beaucoup
60;C;j'aime un peu;correct;5;60_C;60_j'aime un peu
60;D;je n'aime pas;peluche;0;60_D;60_je n'aime pas
60;E;j'aime un peu;touche plutot agreable;6;60_E;60_j'aime un peu
60;F;j'aime un peu;trame correct touche correct;6;60_F;60_j'aime un peu
60;G;je n'aime pas;touche trop synthetique;3;60_G;60_je n'aime pas
60;H;je n'aime pas;collant;3;60_H;60_je n'aime pas
60;I;j'aime un peu;peu rugueux;5;60_I;60_j'aime un peu
60;J;je n'aime pas;aspect cuir;2;60_J;60_je n'aime pas
61;A;j'aime beaucoup;toucher correct sensation solidite;8;61_A;61_j'aime beaucoup
61;B;j'aime un peu;pas assez lisse desagreable toucher;4;61_B;61_j'aime un peu
61;C;j'aime beaucoup;confortable toucher sensation resistance;9;61_C;61_j'aime beaucoup
61;D;je n'aime pas;desagreable toucher trop reche;1;61_D;61_je n'aime pas
61;E;j'aime un peu;trop pelucheux;4;61_E;61_j'aime un peu
61;F;j'aime beaucoup;alliance sensation souplesse tenue;9;61_F;61_j'aime beaucoup
61;G;je n'aime pas;trop souple;2;61_G;61_je n'aime pas
61;H;j'aime un peu;pas assez doux;5;61_H;61_j'aime un peu
61;I;je n'aime pas;trop rapeux;3;61_I;61_je n'aime pas
61;J;j'aime un peu;juste bien toucher;5;61_J;61_j'aime un peu
62;A;je n'aime pas;trop cheap;3;62_A;62_je n'aime pas
62;B;j'aime un peu;agreable mais pas adapte;5;62_B;62_j'aime un peu
62;C;j'aime un peu;tissu assez doux;6;62_C;62_j'aime un peu
62;D;je n'aime pas;feutre fait moutons;1;62_D;62_je n'aime pas
62;E;je n'aime pas;velours;1;62_E;62_je n'aime pas
62;F;je n'aime pas;tissu cheap accroche;4;62_F;62_je n'aime pas
62;G;je n'aime pas;mousse;1;62_G;62_je n'aime pas
62;H;j'aime beaucoup;change cuir classique;8;62_H;62_j'aime beaucoup
62;I;je n'aime pas;pas agreable;3;62_I;62_je n'aime pas
62;J;j'aime un peu;cuir basique;7;62_J;62_j'aime un peu
63;A;je n'aime pas;trop fin;3;63_A;63_je n'aime pas
63;B;je n'aime pas;trop epais;3;63_B;63_je n'aime pas
63;C;j'aime beaucoup;bien;8;63_C;63_j'aime beaucoup
63;D;je n'aime pas;trop chaud;3;63_D;63_je n'aime pas
63;E;je n'aime pas;trop vieillot;2;63_E;63_je n'aime pas
63;F;je n'aime pas;trop sec;2;63_F;63_je n'aime pas
63;G;je n'aime pas;troo epais;5;63_G;63_je n'aime pas
63;H;je n'aime pas;trop fin;3;63_H;63_je n'aime pas
63;I;je n'aime pas;trop raide;3;63_I;63_je n'aime pas
63;J;je n'aime pas;trop synthetique;0;63_J;63_je n'aime pas
64;A;je n'aime pas;car trop simple;4;64_A;64_je n'aime pas
64;B;j'aime un peu;original;7;64_B;64_j'aime un peu
64;C;j'aime un peu;plutot bien;6;64_C;64_j'aime un peu
64;D;je n'aime pas;original;7;64_D;64_je n'aime pas
64;E;j'aime beaucoup;j' aime beaucoup texture;9;64_E;64_j'aime beaucoup
64;F;je n'aime pas;trop simple;4;64_F;64_je n'aime pas
64;G;je n'aime pas;n' aime pas;3;64_G;64_je n'aime pas
64;H;je n'aime pas;trop simple;2;64_H;64_je n'aime pas
64;I;je n'aime pas;elastique;2;64_I;64_je n'aime pas
64;J;j'aime beaucoup;tres agreable;9;64_J;64_j'aime beaucoup
65;A;je n'aime pas;tissu rugueux;3;65_A;65_je n'aime pas
65;B;je n'aime pas;souple rugueux semble elastique;3;65_B;65_je n'aime pas
65;C;je n'aime pas;semble tisse agreable a vue peu moins toucher;4;65_C;65_je n'aime pas
65;D;je n'aime pas;tissu a peu pres doux semble confortable fait penser a l' eponge;5;65_D;65_je n'aime pas
65;E;j'aime beaucoup;tres doux confortable;9;65_E;65_j'aime beaucoup
65;F;je n'aime pas;trop simple pas vraiment doux;2;65_F;65_je n'aime pas
65;G;j'aime un peu;rembourre confortable doux;8;65_G;65_j'aime un peu
65;H;je n'aime pas;rugueux inconfortable;2;65_H;65_je n'aime pas
65;I;j'aime un peu;doux semble elastique;6;65_I;65_j'aime un peu
65;J;j'aime un peu;cuir elegant doux;7;65_J;65_j'aime un peu
66;A;je n'aime pas;n' aime tissu carla qualite tissu incommode;3;66_A;66_je n'aime pas
66;B;j'aime beaucoup;j' aime beaucoup tissu car celui trouve plus agreable toucher;9;66_B;66_j'aime beaucoup
66;C;j'aime un peu;j' aime peu produit car bien semble pelucheux matiere agreable toucher;6;66_C;66_j'aime un peu
66;D;je n'aime pas;n' aime pas produit car c' pelucheux;3;66_D;66_je n'aime pas
66;E;j'aime un peu;j' aime peu tissu car bien perdant couleur toucher semble degager confort;6;66_E;66_j'aime un peu
66;F;je n'aime pas;ne aime pas tissu semble d' mauvaise qualite;3;66_F;66_je n'aime pas
66;G;je n'aime pas;n' aime pas tissu car matiere grince sous doigts;3;66_G;66_je n'aime pas
66;H;je n'aime pas;n' aime pas tissu car n' pas agreable toucher;3;66_H;66_je n'aime pas
66;I;j'aime un peu;j' aime peu tissu car bien n' etant pas tres luxueux regard texture agreable;7;66_I;66_j'aime un peu
66;J;j'aime un peu;j' aime peu tissu car bien etant simple tres agreable toucher;7;66_J;66_j'aime un peu
67;A;je n'aime pas;pas assez;4;67_A;67_je n'aime pas
67;B;j'aime beaucoup;juste bien;6;67_B;67_j'aime beaucoup
67;C;j'aime un peu;trop;7;67_C;67_j'aime un peu
67;D;j'aime beaucoup;trop;6;67_D;67_j'aime beaucoup
67;E;je n'aime pas;juste bien;5;67_E;67_je n'aime pas
67;F;j'aime un peu;pas assez;4;67_F;67_j'aime un peu
67;G;j'aime beaucoup;trop;7;67_G;67_j'aime beaucoup
67;H;je n'aime pas;trop;6;67_H;67_je n'aime pas
67;I;j'aime un peu;juste bien;5;67_I;67_j'aime un peu
67;J;je n'aime pas;juste bien;6;67_J;67_je n'aime pas
69;A;j'aime un peu;tissu semble coriace;5;69_A;69_j'aime un peu
69;B;je n'aime pas;produit semble tenir chaud pas super agreable toucher;4;69_B;69_je n'aime pas
69;C;j'aime un peu;agreable doux;7;69_C;69_j'aime un peu
69;D;je n'aime pas;texture fait bax gamme;1;69_D;69_je n'aime pas
69;E;j'aime un peu;produit doux mais ne vois pas trop voiture;5;69_E;69_j'aime un peu
69;F;j'aime beaucoup;agreable toucher bonne qualite;8;69_F;69_j'aime beaucoup
69;G;je n'aime pas;n' aime pas mousse dessous;2;69_G;69_je n'aime pas
69;H;j'aime un peu;produit semble avoir bonne tenue temps;6;69_H;69_j'aime un peu
69;I;je n'aime pas;ne semble pas agreable siege;3;69_I;69_je n'aime pas
69;J;j'aime beaucoup;meilleure toucher autres;9;69_J;69_j'aime beaucoup
70;A;je n'aime pas;s' abime vite;4;70_A;70_je n'aime pas
70;B;je n'aime pas;cheap;4;70_B;70_je n'aime pas
70;C;je n'aime pas;s' abime vite;4;70_C;70_je n'aime pas
70;D;je n'aime pas;cheap;4;70_D;70_je n'aime pas
70;E;j'aime beaucoup;elegant;9;70_E;70_j'aime beaucoup
70;F;je n'aime pas;cheap;4;70_F;70_je n'aime pas
70;G;je n'aime pas;cheap;4;70_G;70_je n'aime pas
70;H;je n'aime pas;cheap;4;70_H;70_je n'aime pas
70;I;j'aime un peu;propre beau;8;70_I;70_j'aime un peu
70;J;j'aime beaucoup;pratique elegant;10;70_J;70_j'aime beaucoup
72;A;je n'aime pas;trop fin;3;72_A;72_je n'aime pas
72;B;j'aime un peu;a lair assez souple;9;72_B;72_j'aime un peu
72;C;j'aime un peu;a l' air resistant;8;72_C;72_j'aime un peu
72;D;j'aime un peu;doux mais parait fragile;6;72_D;72_j'aime un peu
72;E;j'aime beaucoup;tout doux;10;72_E;72_j'aime beaucoup
72;F;je n'aime pas;trop fin;3;72_F;72_je n'aime pas
72;G;j'aime beaucoup;moelleux;10;72_G;72_j'aime beaucoup
72;H;je n'aime pas;parait s' abimer plus autres;4;72_H;72_je n'aime pas
72;I;j'aime un peu;a lair solide facile a laver;7;72_I;72_j'aime un peu
72;J;je n'aime pas;trop synthetique a gout;1;72_J;72_je n'aime pas
73;A;j'aime un peu;basic;5;73_A;73_j'aime un peu
73;B;je n'aime pas;trop dur;3;73_B;73_je n'aime pas
73;C;j'aime un peu;trop basic;5;73_C;73_j'aime un peu
73;D;je n'aime pas;trop moquette;2;73_D;73_je n'aime pas
73;E;j'aime beaucoup;agreable toucher;9;73_E;73_j'aime beaucoup
73;F;j'aime un peu;trop lisse;6;73_F;73_j'aime un peu
73;G;j'aime beaucoup;sympa;8;73_G;73_j'aime beaucoup
73;H;je n'aime pas;accroche trop;2;73_H;73_je n'aime pas
73;I;j'aime un peu;simple;5;73_I;73_j'aime un peu
73;J;je n'aime pas;accroche trop;1;73_J;73_je n'aime pas
74;A;j'aime un peu;simple;5;74_A;74_j'aime un peu
74;B;j'aime beaucoup;jolie tissage doux;8;74_B;74_j'aime beaucoup
74;C;j'aime un peu;agreable;6;74_C;74_j'aime un peu
74;D;je n'aime pas;trop mousse;2;74_D;74_je n'aime pas
74;E;j'aime un peu;doux mais salissant;5;74_E;74_j'aime un peu
74;F;j'aime un peu;rien special;4;74_F;74_j'aime un peu
74;G;j'aime beaucoup;mou doux quadrille jolie;8;74_G;74_j'aime beaucoup
74;H;je n'aime pas;rugueux;3;74_H;74_je n'aime pas
74;I;j'aime un peu;doux jolie tissu;6;74_I;74_j'aime un peu
74;J;j'aime un peu;style cuir classe;7;74_J;74_j'aime un peu
75;A;je n'aime pas;trop fin motif n' pas jolie;2;75_A;75_je n'aime pas
75;B;je n'aime pas;trop epais motif n' pas jolie;0;75_B;75_je n'aime pas
75;C;je n'aime pas;croisements fils constituent motif trop epais;3;75_C;75_je n'aime pas
75;D;je n'aime pas;n' aime pas l' aspect feutrine;0;75_D;75_je n'aime pas
75;E;j'aime beaucoup;j' adore noirceur tissu motif invisible tissu doux soyeux;10;75_E;75_j'aime beaucoup
75;F;je n'aime pas;tissu trop fin donne l' aspect elastique;3;75_F;75_je n'aime pas
75;G;je n'aime pas;tissu trop epais motif n' pas tout beau;0;75_G;75_je n'aime pas
75;H;j'aime un peu;matiere douce mais motif n' pas jolie;6;75_H;75_j'aime un peu
75;I;je n'aime pas;motif ressemble a elastique;0;75_I;75_je n'aime pas
75;J;j'aime un peu;motif jolie tissu doux;7;75_J;75_j'aime un peu
76;A;je n'aime pas;n' aime pas tissu car reche meme si l' esthetique convenable;3;76_A;76_je n'aime pas
76;B;j'aime un peu;j' aime bien tissu trouve assez original mais semble peut difficile d' entretien;6;76_B;76_j'aime un peu
76;C;j'aime beaucoup;j' aime beaucoup qualite esthetique toucher tissu;9;76_C;76_j'aime beaucoup
76;D;je n'aime pas;n' aime pas tissu car plus d' etre reche ne semble pas adapte car difficile d' entretien;2;76_D;76_je n'aime pas
76;E;j'aime un peu;j' aime esthetique toucher tissu attrape attrappe peut etre beaucoup poussiere;7;76_E;76_j'aime un peu
76;F;j'aime un peu;j' aime bien tissu general;7;76_F;76_j'aime un peu
76;G;je n'aime pas;j' aime assez peu tissu car peu esthetique;3;76_G;76_je n'aime pas
76;H;j'aime beaucoup;j' aime beaucoup tissu bien paraisse peu fragile;9;76_H;76_j'aime beaucoup
76;I;je n'aime pas;j' aime peu tissu meme si ne trouve rien d' extraordinaire;5;76_I;76_je n'aime pas
76;J;j'aime un peu;j' aime bien tissu mais n' peut etre pas assez passe partout;7;76_J;76_j'aime un peu
77;A;j'aime beaucoup;beau tissu semble resistant;7;77_A;77_j'aime beaucoup
77;B;je n'aime pas;tissu grossier ne donne pas impression qualite habitacle;2;77_B;77_je n'aime pas
77;C;j'aime un peu;joli bonne qualite mais peut etre peu grossier;5;77_C;77_j'aime un peu
77;D;je n'aime pas;joli tissu mais vite abime voiture s' userait trop vite frottements ex;3;77_D;77_je n'aime pas
77;E;je n'aime pas;toucher velours fait traces tissu ne pas joli l' ensemble l' habitacle;4;77_E;77_je n'aime pas
77;F;j'aime un peu;joli mais trop fin j' peur qu' dechire qu' s' use rapidement;5;77_F;77_j'aime un peu
77;G;je n'aime pas;tissu grossier facile a dechirer vite abime;1;77_G;77_je n'aime pas
77;H;je n'aime pas;m' apparait trop fin donc trop fragile j' peur qu' dechire;4;77_H;77_je n'aime pas
77;I;j'aime beaucoup;semble plus resistant l' habitacle devrait ds temps resister frottements enfants etc;9;77_I;77_j'aime beaucoup
77;J;j'aime un peu;bel bel echantillon mais prefere tissu voiture pas trop cuir;6;77_J;77_j'aime un peu
78;A;je n'aime pas;trop fin pas doux;1;78_A;78_je n'aime pas
78;B;j'aime un peu;resistant mais pas tres premium peu basique;5;78_B;78_j'aime un peu
78;C;j'aime un peu;epure bien lisse mais peu fin;6;78_C;78_j'aime un peu
78;D;j'aime beaucoup;cosy confortable doux;7;78_D;78_j'aime beaucoup
78;E;j'aime beaucoup;confortable doux surtout tres premium;9;78_E;78_j'aime beaucoup
78;F;j'aime un peu;ne fait pas tissu fait tres synthetique mais sobre;6;78_F;78_j'aime un peu
78;G;je n'aime pas;mauvaise qualite trop mou abime facilement;2;78_G;78_je n'aime pas
78;H;j'aime un peu;trop basique mais sobre simple;5;78_H;78_j'aime un peu
78;I;je n'aime pas;pas confortable trop dur mais resistant;4;78_I;78_je n'aime pas
78;J;je n'aime pas;ressemble a faux cuir qualite douteuse mais peut etre joli;4;78_J;78_je n'aime pas
79;A;j'aime un peu;peu;6;79_A;79_j'aime un peu
79;B;j'aime un peu;peu;6;79_B;79_j'aime un peu
79;C;je n'aime pas;neutre;5;79_C;79_je n'aime pas
79;D;je n'aime pas;peu;7;79_D;79_je n'aime pas
79;E;j'aime beaucoup;vraiment bien;8;79_E;79_j'aime beaucoup
79;F;j'aime un peu;peu;7;79_F;79_j'aime un peu
79;G;j'aime beaucoup;vraiment beaucoup;9;79_G;79_j'aime beaucoup
79;H;je n'aime pas;peu;7;79_H;79_je n'aime pas
79;I;j'aime un peu;peu;7;79_I;79_j'aime un peu
79;J;j'aime un peu;juste bien;7;79_J;79_j'aime un peu
80;A;j'aime beaucoup;trop;9;80_A;80_j'aime beaucoup
80;B;j'aime un peu;trop;9;80_B;80_j'aime un peu
80;C;j'aime beaucoup;juste bien;8;80_C;80_j'aime beaucoup
80;D;je n'aime pas;pas assez;3;80_D;80_je n'aime pas
80;E;je n'aime pas;pas assez;3;80_E;80_je n'aime pas
80;F;j'aime un peu;juste bien;5;80_F;80_j'aime un peu
80;G;je n'aime pas;juste bien;4;80_G;80_je n'aime pas
80;H;je n'aime pas;pas assez;4;80_H;80_je n'aime pas
80;I;j'aime un peu;pas assez;4;80_I;80_j'aime un peu
80;J;j'aime beaucoup;trop;10;80_J;80_j'aime beaucoup
81;A;j'aime un peu;j' aime peu meme si trop simple;4;81_A;81_j'aime un peu
81;B;j'aime un peu;car juste bien tisse;5;81_B;81_j'aime un peu
81;C;j'aime beaucoup;car vraiment tres chic;9;81_C;81_j'aime beaucoup
81;D;j'aime un peu;meme si fait peu vieillot;3;81_D;81_j'aime un peu
81;E;j'aime beaucoup;car vraiment tres elegant;9;81_E;81_j'aime beaucoup
81;F;j'aime un peu;car assez bien tisse;5;81_F;81_j'aime un peu
81;G;je n'aime pas;trop mou;2;81_G;81_je n'aime pas
81;H;j'aime beaucoup;car vraiment tres moderne;8;81_H;81_j'aime beaucoup
81;I;je n'aime pas;trop raye;3;81_I;81_je n'aime pas
81;J;je n'aime pas;trop kitch;3;81_J;81_je n'aime pas
82;A;j'aime un peu;sobre lisse mais pas original pas voiture;4;82_A;82_j'aime un peu
82;B;j'aime un peu;pas mal mais trop epais;3;82_B;82_j'aime un peu
82;C;j'aime beaucoup;irait bien voiture meme si pas assez lisse;6;82_C;82_j'aime beaucoup
82;D;je n'aime pas;trop pelucheux pas assez lisse;0;82_D;82_je n'aime pas
82;E;je n'aime pas;joli mais pas adapte a interieur voiture va trop prendre poussiere;0;82_E;82_je n'aime pas
82;F;j'aime un peu;lisse mais peu trop pelucheux;5;82_F;82_j'aime un peu
82;G;je n'aime pas;ne correspond a habitacle voiture fait fzit trop poir siege vetement;2;82_G;82_je n'aime pas
82;H;j'aime beaucoup;joli aspect assez lisse style lin peu etre bien elegant;8;82_H;82_j'aime beaucoup
82;I;je n'aime pas;fait pas gamme ne vas pas habitacle;0;82_I;82_je n'aime pas
82;J;j'aime beaucoup;ideal correspond tres bien a habitacle voiture;10;82_J;82_j'aime beaucoup
84;A;j'aime un peu;j' aime peu car tissu a air qualitatif mais fin;4;84_A;84_j'aime un peu
84;B;je n'aime pas;n' aime pas car voit lignes tissu;2;84_B;84_je n'aime pas
84;C;j'aime beaucoup;j' aime beaucoup qualite tissu;8;84_C;84_j'aime beaucoup
84;D;je n'aime pas;n' aime pas car tissu perd poils;1;84_D;84_je n'aime pas
84;E;je n'aime pas;n' aime pas matiere velours;2;84_E;84_je n'aime pas
84;F;j'aime beaucoup;j' aime beaucoup qualite tissu;8;84_F;84_j'aime beaucoup
84;G;je n'aime pas;n' aime car ne fait pas tout qualitatif;1;84_G;84_je n'aime pas
84;H;je n'aime pas;n' aime pas qualite tissu;1;84_H;84_je n'aime pas
84;I;je n'aime pas;n' aime pas cote trop synthetique tissu;1;84_I;84_je n'aime pas
84;J;j'aime un peu;j' aime peu effet cuir mais pas assez bien imite;4;84_J;84_j'aime un peu
85;A;j'aime beaucoup;j' aime beaucoup car simple efficace aspect qualitatif;8;85_A;85_j'aime beaucoup
85;B;j'aime un peu;j' aime peu bien qu' fasse trop coton vestimentaire;4;85_B;85_j'aime un peu
85;C;j'aime beaucoup;j' aime beaucoup idem mais peu moins resistant apparence;7;85_C;85_j'aime beaucoup
85;D;je n'aime pas;trop synthetique;0;85_D;85_je n'aime pas
85;E;j'aime un peu;j' aime bien toucher bien qu' ne pas adapte a l' interieur d' voiture;4;85_E;85_j'aime un peu
85;F;j'aime beaucoup;j' aime mais l' allure plus synthetique moins qualitative;6;85_F;85_j'aime beaucoup
85;G;je n'aime pas;n' pas assez resistant;0;85_G;85_je n'aime pas
85;H;j'aime un peu;j' aime bien quoi qu' ne fasse pas impressionnee qualite;3;85_H;85_j'aime un peu
85;I;je n'aime pas;a effet trop plastique;1;85_I;85_je n'aime pas
85;J;j'aime un peu;j' aime peu car resistant mais peu esthetique;3;85_J;85_j'aime un peu
